Modelo,MAE,RMSE
BASE,0.49811555291104526,0.7191555712808907
MLP,0.3099666676833102,0.44902632584966673
LSTM,0.5128253181589605,0.6535733719694212
CNN,0.33855270127657755,0.4746564849464263
